id,title,description,price,discountPercentage,rating,stock,brand,category,thumbnail,images,my_date,my_json_data_in_base64,my_encoded_thumbnail,uuid_version_4,all_these_images_urls_hashes,very_safe_password,totally_not_safe_password
1,iPhone 9,An apple mobile which is nothing like apple,549,12.96,4.69,94,Apple,smartphones,https://cdn.dummyjson.com/product-images/1/thumbnail.jpg,"['https://cdn.dummyjson.com/product-images/1/1.jpg', 'https://cdn.dummyjson.com/product-images/1/2.jpg', 'https://cdn.dummyjson.com/product-images/1/3.jpg', 'https://cdn.dummyjson.com/product-images/1/4.jpg', 'https://cdn.dummyjson.com/product-images/1/thumbnail.jpg']",2024-01-27T08:36:52.483785,eyJpZCI6IDEsICJ0aXRsZSI6ICJpUGhvbmUgOSIsICJkZXNjcmlwdGlvbiI6ICJBbiBhcHBsZSBtb2JpbGUgd2hpY2ggaXMgbm90aGluZyBsaWtlIGFwcGxlIiwgInByaWNlIjogNTQ5LCAiZGlzY291bnRQZXJjZW50YWdlIjogMTIuOTYsICJyYXRpbmciOiA0LjY5LCAic3RvY2siOiA5NCwgImJyYW5kIjogIkFwcGxlIiwgImNhdGVnb3J5IjogInNtYXJ0cGhvbmVzIiwgInRodW1ibmFpbCI6ICJodHRwczovL2Nkbi5kdW1teWpzb24uY29tL3Byb2R1Y3QtaW1hZ2VzLzEvdGh1bWJuYWlsLmpwZyIsICJpbWFnZXMiOiBbImh0dHBzOi8vY2RuLmR1bW15anNvbi5jb20vcHJvZHVjdC1pbWFnZXMvMS8xLmpwZyIsICJodHRwczovL2Nkbi5kdW1teWpzb24uY29tL3Byb2R1Y3QtaW1hZ2VzLzEvMi5qcGciLCAiaHR0cHM6Ly9jZG4uZHVtbXlqc29uLmNvbS9wcm9kdWN0LWltYWdlcy8xLzMuanBnIiwgImh0dHBzOi8vY2RuLmR1bW15anNvbi5jb20vcHJvZHVjdC1pbWFnZXMvMS80LmpwZyIsICJodHRwczovL2Nkbi5kdW1teWpzb24uY29tL3Byb2R1Y3QtaW1hZ2VzLzEvdGh1bWJuYWlsLmpwZyJdLCAibXlfZGF0ZSI6ICIyMDI0LTAxLTI3VDA4OjM2OjUyLjQ4Mzc4NSJ9,https%3A%2F%2Fcdn.dummyjson.com%2Fproduct-images%2F1%2Fthumbnail.jpg,c9cf25c7-6c46-4e75-9ee0-1303140c160a,41dc5b2747b1122b351105863ed42de0,xscpNm91,7RGw5Z7k
2,iPhone X,"SIM-Free, Model A19211 6.5-inch Super Retina HD display with OLED technology A12 Bionic chip with ...",899,17.94,4.44,34,Apple,smartphones,https://cdn.dummyjson.com/product-images/2/thumbnail.jpg,"['https://cdn.dummyjson.com/product-images/2/1.jpg', 'https://cdn.dummyjson.com/product-images/2/2.jpg', 'https://cdn.dummyjson.com/product-images/2/3.jpg', 'https://cdn.dummyjson.com/product-images/2/thumbnail.jpg']",2024-01-27T08:36:52.484785,eyJpZCI6IDIsICJ0aXRsZSI6ICJpUGhvbmUgWCIsICJkZXNjcmlwdGlvbiI6ICJTSU0tRnJlZSwgTW9kZWwgQTE5MjExIDYuNS1pbmNoIFN1cGVyIFJldGluYSBIRCBkaXNwbGF5IHdpdGggT0xFRCB0ZWNobm9sb2d5IEExMiBCaW9uaWMgY2hpcCB3aXRoIC4uLiIsICJwcmljZSI6IDg5OSwgImRpc2NvdW50UGVyY2VudGFnZSI6IDE3Ljk0LCAicmF0aW5nIjogNC40NCwgInN0b2NrIjogMzQsICJicmFuZCI6ICJBcHBsZSIsICJjYXRlZ29yeSI6ICJzbWFydHBob25lcyIsICJ0aHVtYm5haWwiOiAiaHR0cHM6Ly9jZG4uZHVtbXlqc29uLmNvbS9wcm9kdWN0LWltYWdlcy8yL3RodW1ibmFpbC5qcGciLCAiaW1hZ2VzIjogWyJodHRwczovL2Nkbi5kdW1teWpzb24uY29tL3Byb2R1Y3QtaW1hZ2VzLzIvMS5qcGciLCAiaHR0cHM6Ly9jZG4uZHVtbXlqc29uLmNvbS9wcm9kdWN0LWltYWdlcy8yLzIuanBnIiwgImh0dHBzOi8vY2RuLmR1bW15anNvbi5jb20vcHJvZHVjdC1pbWFnZXMvMi8zLmpwZyIsICJodHRwczovL2Nkbi5kdW1teWpzb24uY29tL3Byb2R1Y3QtaW1hZ2VzLzIvdGh1bWJuYWlsLmpwZyJdLCAibXlfZGF0ZSI6ICIyMDI0LTAxLTI3VDA4OjM2OjUyLjQ4NDc4NSJ9,https%3A%2F%2Fcdn.dummyjson.com%2Fproduct-images%2F2%2Fthumbnail.jpg,cb2e5f0f-9883-46a4-8ff4-6ab9cbaebad0,4c336cb81b51fa70c3143f0700b334a7,1eRwuX4E,E55hOFtm
3,Samsung Universe 9,Samsung's new variant which goes beyond Galaxy to the Universe,1249,15.46,4.09,36,Samsung,smartphones,https://cdn.dummyjson.com/product-images/3/thumbnail.jpg,['https://cdn.dummyjson.com/product-images/3/1.jpg'],2024-01-27T08:36:52.484785,eyJpZCI6IDMsICJ0aXRsZSI6ICJTYW1zdW5nIFVuaXZlcnNlIDkiLCAiZGVzY3JpcHRpb24iOiAiU2Ftc3VuZydzIG5ldyB2YXJpYW50IHdoaWNoIGdvZXMgYmV5b25kIEdhbGF4eSB0byB0aGUgVW5pdmVyc2UiLCAicHJpY2UiOiAxMjQ5LCAiZGlzY291bnRQZXJjZW50YWdlIjogMTUuNDYsICJyYXRpbmciOiA0LjA5LCAic3RvY2siOiAzNiwgImJyYW5kIjogIlNhbXN1bmciLCAiY2F0ZWdvcnkiOiAic21hcnRwaG9uZXMiLCAidGh1bWJuYWlsIjogImh0dHBzOi8vY2RuLmR1bW15anNvbi5jb20vcHJvZHVjdC1pbWFnZXMvMy90aHVtYm5haWwuanBnIiwgImltYWdlcyI6IFsiaHR0cHM6Ly9jZG4uZHVtbXlqc29uLmNvbS9wcm9kdWN0LWltYWdlcy8zLzEuanBnIl0sICJteV9kYXRlIjogIjIwMjQtMDEtMjdUMDg6MzY6NTIuNDg0Nzg1In0=,https%3A%2F%2Fcdn.dummyjson.com%2Fproduct-images%2F3%2Fthumbnail.jpg,9c514df6-714a-45d5-8911-3d60d2710613,da241f0ba905070adcfbcf73cc5fd42e,IShcRkBx,CzLUq1o1
4,OPPOF19,OPPO F19 is officially announced on April 2021.,280,17.91,4.3,123,OPPO,smartphones,https://cdn.dummyjson.com/product-images/4/thumbnail.jpg,"['https://cdn.dummyjson.com/product-images/4/1.jpg', 'https://cdn.dummyjson.com/product-images/4/2.jpg', 'https://cdn.dummyjson.com/product-images/4/3.jpg', 'https://cdn.dummyjson.com/product-images/4/4.jpg', 'https://cdn.dummyjson.com/product-images/4/thumbnail.jpg']",2024-01-27T08:36:52.484785,eyJpZCI6IDQsICJ0aXRsZSI6ICJPUFBPRjE5IiwgImRlc2NyaXB0aW9uIjogIk9QUE8gRjE5IGlzIG9mZmljaWFsbHkgYW5ub3VuY2VkIG9uIEFwcmlsIDIwMjEuIiwgInByaWNlIjogMjgwLCAiZGlzY291bnRQZXJjZW50YWdlIjogMTcuOTEsICJyYXRpbmciOiA0LjMsICJzdG9jayI6IDEyMywgImJyYW5kIjogIk9QUE8iLCAiY2F0ZWdvcnkiOiAic21hcnRwaG9uZXMiLCAidGh1bWJuYWlsIjogImh0dHBzOi8vY2RuLmR1bW15anNvbi5jb20vcHJvZHVjdC1pbWFnZXMvNC90aHVtYm5haWwuanBnIiwgImltYWdlcyI6IFsiaHR0cHM6Ly9jZG4uZHVtbXlqc29uLmNvbS9wcm9kdWN0LWltYWdlcy80LzEuanBnIiwgImh0dHBzOi8vY2RuLmR1bW15anNvbi5jb20vcHJvZHVjdC1pbWFnZXMvNC8yLmpwZyIsICJodHRwczovL2Nkbi5kdW1teWpzb24uY29tL3Byb2R1Y3QtaW1hZ2VzLzQvMy5qcGciLCAiaHR0cHM6Ly9jZG4uZHVtbXlqc29uLmNvbS9wcm9kdWN0LWltYWdlcy80LzQuanBnIiwgImh0dHBzOi8vY2RuLmR1bW15anNvbi5jb20vcHJvZHVjdC1pbWFnZXMvNC90aHVtYm5haWwuanBnIl0sICJteV9kYXRlIjogIjIwMjQtMDEtMjdUMDg6MzY6NTIuNDg0Nzg1In0=,https%3A%2F%2Fcdn.dummyjson.com%2Fproduct-images%2F4%2Fthumbnail.jpg,cbf4f2af-6a73-4b58-95ce-c80cdda6ab3a,35d3b7665c5614a6d59fbcdee5f08a79,mVBAfpyW,RfAoM0qk
5,Huawei P30,Huawei’s re-badged P30 Pro New Edition was officially unveiled yesterday in Germany and now the device has made its way to the UK.,499,10.58,4.09,32,Huawei,smartphones,https://cdn.dummyjson.com/product-images/5/thumbnail.jpg,"['https://cdn.dummyjson.com/product-images/5/1.jpg', 'https://cdn.dummyjson.com/product-images/5/2.jpg', 'https://cdn.dummyjson.com/product-images/5/3.jpg']",2024-01-27T08:36:52.485768,eyJpZCI6IDUsICJ0aXRsZSI6ICJIdWF3ZWkgUDMwIiwgImRlc2NyaXB0aW9uIjogIkh1YXdlaVx1MjAxOXMgcmUtYmFkZ2VkIFAzMCBQcm8gTmV3IEVkaXRpb24gd2FzIG9mZmljaWFsbHkgdW52ZWlsZWQgeWVzdGVyZGF5IGluIEdlcm1hbnkgYW5kIG5vdyB0aGUgZGV2aWNlIGhhcyBtYWRlIGl0cyB3YXkgdG8gdGhlIFVLLiIsICJwcmljZSI6IDQ5OSwgImRpc2NvdW50UGVyY2VudGFnZSI6IDEwLjU4LCAicmF0aW5nIjogNC4wOSwgInN0b2NrIjogMzIsICJicmFuZCI6ICJIdWF3ZWkiLCAiY2F0ZWdvcnkiOiAic21hcnRwaG9uZXMiLCAidGh1bWJuYWlsIjogImh0dHBzOi8vY2RuLmR1bW15anNvbi5jb20vcHJvZHVjdC1pbWFnZXMvNS90aHVtYm5haWwuanBnIiwgImltYWdlcyI6IFsiaHR0cHM6Ly9jZG4uZHVtbXlqc29uLmNvbS9wcm9kdWN0LWltYWdlcy81LzEuanBnIiwgImh0dHBzOi8vY2RuLmR1bW15anNvbi5jb20vcHJvZHVjdC1pbWFnZXMvNS8yLmpwZyIsICJodHRwczovL2Nkbi5kdW1teWpzb24uY29tL3Byb2R1Y3QtaW1hZ2VzLzUvMy5qcGciXSwgIm15X2RhdGUiOiAiMjAyNC0wMS0yN1QwODozNjo1Mi40ODU3NjgifQ==,https%3A%2F%2Fcdn.dummyjson.com%2Fproduct-images%2F5%2Fthumbnail.jpg,11e79a33-c1f4-42a6-91b4-5483e90cb44b,5338121cf567ce1184be504e82b6c5e0,QtmRE2r7,YidrSqPw
6,MacBook Pro,"MacBook Pro 2021 with mini-LED display may launch between September, November",1749,11.02,4.57,83,Apple,laptops,https://cdn.dummyjson.com/product-images/6/thumbnail.png,"['https://cdn.dummyjson.com/product-images/6/1.png', 'https://cdn.dummyjson.com/product-images/6/2.jpg', 'https://cdn.dummyjson.com/product-images/6/3.png', 'https://cdn.dummyjson.com/product-images/6/4.jpg']",2024-01-27T08:36:52.485768,eyJpZCI6IDYsICJ0aXRsZSI6ICJNYWNCb29rIFBybyIsICJkZXNjcmlwdGlvbiI6ICJNYWNCb29rIFBybyAyMDIxIHdpdGggbWluaS1MRUQgZGlzcGxheSBtYXkgbGF1bmNoIGJldHdlZW4gU2VwdGVtYmVyLCBOb3ZlbWJlciIsICJwcmljZSI6IDE3NDksICJkaXNjb3VudFBlcmNlbnRhZ2UiOiAxMS4wMiwgInJhdGluZyI6IDQuNTcsICJzdG9jayI6IDgzLCAiYnJhbmQiOiAiQXBwbGUiLCAiY2F0ZWdvcnkiOiAibGFwdG9wcyIsICJ0aHVtYm5haWwiOiAiaHR0cHM6Ly9jZG4uZHVtbXlqc29uLmNvbS9wcm9kdWN0LWltYWdlcy82L3RodW1ibmFpbC5wbmciLCAiaW1hZ2VzIjogWyJodHRwczovL2Nkbi5kdW1teWpzb24uY29tL3Byb2R1Y3QtaW1hZ2VzLzYvMS5wbmciLCAiaHR0cHM6Ly9jZG4uZHVtbXlqc29uLmNvbS9wcm9kdWN0LWltYWdlcy82LzIuanBnIiwgImh0dHBzOi8vY2RuLmR1bW15anNvbi5jb20vcHJvZHVjdC1pbWFnZXMvNi8zLnBuZyIsICJodHRwczovL2Nkbi5kdW1teWpzb24uY29tL3Byb2R1Y3QtaW1hZ2VzLzYvNC5qcGciXSwgIm15X2RhdGUiOiAiMjAyNC0wMS0yN1QwODozNjo1Mi40ODU3NjgifQ==,https%3A%2F%2Fcdn.dummyjson.com%2Fproduct-images%2F6%2Fthumbnail.png,10c31027-ab35-4fc0-adbe-12ed005a43f3,e022146751ff11f37c40876f26b82767,0xiTcGSz,JGugM1eK
7,Samsung Galaxy Book,"Samsung Galaxy Book S (2020) Laptop With Intel Lakefield Chip, 8GB of RAM Launched",1499,4.15,4.25,50,Samsung,laptops,https://cdn.dummyjson.com/product-images/7/thumbnail.jpg,"['https://cdn.dummyjson.com/product-images/7/1.jpg', 'https://cdn.dummyjson.com/product-images/7/2.jpg', 'https://cdn.dummyjson.com/product-images/7/3.jpg', 'https://cdn.dummyjson.com/product-images/7/thumbnail.jpg']",2024-01-27T08:36:52.485768,eyJpZCI6IDcsICJ0aXRsZSI6ICJTYW1zdW5nIEdhbGF4eSBCb29rIiwgImRlc2NyaXB0aW9uIjogIlNhbXN1bmcgR2FsYXh5IEJvb2sgUyAoMjAyMCkgTGFwdG9wIFdpdGggSW50ZWwgTGFrZWZpZWxkIENoaXAsIDhHQiBvZiBSQU0gTGF1bmNoZWQiLCAicHJpY2UiOiAxNDk5LCAiZGlzY291bnRQZXJjZW50YWdlIjogNC4xNSwgInJhdGluZyI6IDQuMjUsICJzdG9jayI6IDUwLCAiYnJhbmQiOiAiU2Ftc3VuZyIsICJjYXRlZ29yeSI6ICJsYXB0b3BzIiwgInRodW1ibmFpbCI6ICJodHRwczovL2Nkbi5kdW1teWpzb24uY29tL3Byb2R1Y3QtaW1hZ2VzLzcvdGh1bWJuYWlsLmpwZyIsICJpbWFnZXMiOiBbImh0dHBzOi8vY2RuLmR1bW15anNvbi5jb20vcHJvZHVjdC1pbWFnZXMvNy8xLmpwZyIsICJodHRwczovL2Nkbi5kdW1teWpzb24uY29tL3Byb2R1Y3QtaW1hZ2VzLzcvMi5qcGciLCAiaHR0cHM6Ly9jZG4uZHVtbXlqc29uLmNvbS9wcm9kdWN0LWltYWdlcy83LzMuanBnIiwgImh0dHBzOi8vY2RuLmR1bW15anNvbi5jb20vcHJvZHVjdC1pbWFnZXMvNy90aHVtYm5haWwuanBnIl0sICJteV9kYXRlIjogIjIwMjQtMDEtMjdUMDg6MzY6NTIuNDg1NzY4In0=,https%3A%2F%2Fcdn.dummyjson.com%2Fproduct-images%2F7%2Fthumbnail.jpg,62ce18cd-fc68-4366-af59-6fb3c432964a,69b5180d06d0de0e73e50b6e9e177945,g8wzpcD3,vOBLTEcY
8,Microsoft Surface Laptop 4,Style and speed. Stand out on HD video calls backed by Studio Mics. Capture ideas on the vibrant touchscreen.,1499,10.23,4.43,68,Microsoft Surface,laptops,https://cdn.dummyjson.com/product-images/8/thumbnail.jpg,"['https://cdn.dummyjson.com/product-images/8/1.jpg', 'https://cdn.dummyjson.com/product-images/8/2.jpg', 'https://cdn.dummyjson.com/product-images/8/3.jpg', 'https://cdn.dummyjson.com/product-images/8/4.jpg', 'https://cdn.dummyjson.com/product-images/8/thumbnail.jpg']",2024-01-27T08:36:52.485768,eyJpZCI6IDgsICJ0aXRsZSI6ICJNaWNyb3NvZnQgU3VyZmFjZSBMYXB0b3AgNCIsICJkZXNjcmlwdGlvbiI6ICJTdHlsZSBhbmQgc3BlZWQuIFN0YW5kIG91dCBvbiBIRCB2aWRlbyBjYWxscyBiYWNrZWQgYnkgU3R1ZGlvIE1pY3MuIENhcHR1cmUgaWRlYXMgb24gdGhlIHZpYnJhbnQgdG91Y2hzY3JlZW4uIiwgInByaWNlIjogMTQ5OSwgImRpc2NvdW50UGVyY2VudGFnZSI6IDEwLjIzLCAicmF0aW5nIjogNC40MywgInN0b2NrIjogNjgsICJicmFuZCI6ICJNaWNyb3NvZnQgU3VyZmFjZSIsICJjYXRlZ29yeSI6ICJsYXB0b3BzIiwgInRodW1ibmFpbCI6ICJodHRwczovL2Nkbi5kdW1teWpzb24uY29tL3Byb2R1Y3QtaW1hZ2VzLzgvdGh1bWJuYWlsLmpwZyIsICJpbWFnZXMiOiBbImh0dHBzOi8vY2RuLmR1bW15anNvbi5jb20vcHJvZHVjdC1pbWFnZXMvOC8xLmpwZyIsICJodHRwczovL2Nkbi5kdW1teWpzb24uY29tL3Byb2R1Y3QtaW1hZ2VzLzgvMi5qcGciLCAiaHR0cHM6Ly9jZG4uZHVtbXlqc29uLmNvbS9wcm9kdWN0LWltYWdlcy84LzMuanBnIiwgImh0dHBzOi8vY2RuLmR1bW15anNvbi5jb20vcHJvZHVjdC1pbWFnZXMvOC80LmpwZyIsICJodHRwczovL2Nkbi5kdW1teWpzb24uY29tL3Byb2R1Y3QtaW1hZ2VzLzgvdGh1bWJuYWlsLmpwZyJdLCAibXlfZGF0ZSI6ICIyMDI0LTAxLTI3VDA4OjM2OjUyLjQ4NTc2OCJ9,https%3A%2F%2Fcdn.dummyjson.com%2Fproduct-images%2F8%2Fthumbnail.jpg,3fa7bb44-149c-4fb6-89be-2ce31542fcac,f1c169ab3150e78f71ff5a9bc60a60d2,fxhBdmxZ,K5mazxVY
9,Infinix INBOOK,Infinix Inbook X1 Ci3 10th 8GB 256GB 14 Win10 Grey – 1 Year Warranty,1099,11.83,4.54,96,Infinix,laptops,https://cdn.dummyjson.com/product-images/9/thumbnail.jpg,"['https://cdn.dummyjson.com/product-images/9/1.jpg', 'https://cdn.dummyjson.com/product-images/9/2.png', 'https://cdn.dummyjson.com/product-images/9/3.png', 'https://cdn.dummyjson.com/product-images/9/4.jpg', 'https://cdn.dummyjson.com/product-images/9/thumbnail.jpg']",2024-01-27T08:36:52.485768,eyJpZCI6IDksICJ0aXRsZSI6ICJJbmZpbml4IElOQk9PSyIsICJkZXNjcmlwdGlvbiI6ICJJbmZpbml4IEluYm9vayBYMSBDaTMgMTB0aCA4R0IgMjU2R0IgMTQgV2luMTAgR3JleSBcdTIwMTMgMSBZZWFyIFdhcnJhbnR5IiwgInByaWNlIjogMTA5OSwgImRpc2NvdW50UGVyY2VudGFnZSI6IDExLjgzLCAicmF0aW5nIjogNC41NCwgInN0b2NrIjogOTYsICJicmFuZCI6ICJJbmZpbml4IiwgImNhdGVnb3J5IjogImxhcHRvcHMiLCAidGh1bWJuYWlsIjogImh0dHBzOi8vY2RuLmR1bW15anNvbi5jb20vcHJvZHVjdC1pbWFnZXMvOS90aHVtYm5haWwuanBnIiwgImltYWdlcyI6IFsiaHR0cHM6Ly9jZG4uZHVtbXlqc29uLmNvbS9wcm9kdWN0LWltYWdlcy85LzEuanBnIiwgImh0dHBzOi8vY2RuLmR1bW15anNvbi5jb20vcHJvZHVjdC1pbWFnZXMvOS8yLnBuZyIsICJodHRwczovL2Nkbi5kdW1teWpzb24uY29tL3Byb2R1Y3QtaW1hZ2VzLzkvMy5wbmciLCAiaHR0cHM6Ly9jZG4uZHVtbXlqc29uLmNvbS9wcm9kdWN0LWltYWdlcy85LzQuanBnIiwgImh0dHBzOi8vY2RuLmR1bW15anNvbi5jb20vcHJvZHVjdC1pbWFnZXMvOS90aHVtYm5haWwuanBnIl0sICJteV9kYXRlIjogIjIwMjQtMDEtMjdUMDg6MzY6NTIuNDg1NzY4In0=,https%3A%2F%2Fcdn.dummyjson.com%2Fproduct-images%2F9%2Fthumbnail.jpg,e40f7c8d-ac75-4baf-b2f5-d69c5036142c,3753b5c5a86632a65e9d6ab2fcccb203,72fsMNeg,NtysBMyc
10,HP Pavilion 15-DK1056WM,"HP Pavilion 15-DK1056WM Gaming Laptop 10th Gen Core i5, 8GB, 256GB SSD, GTX 1650 4GB, Windows 10",1099,6.18,4.43,89,HP Pavilion,laptops,https://cdn.dummyjson.com/product-images/10/thumbnail.jpeg,"['https://cdn.dummyjson.com/product-images/10/1.jpg', 'https://cdn.dummyjson.com/product-images/10/2.jpg', 'https://cdn.dummyjson.com/product-images/10/3.jpg', 'https://cdn.dummyjson.com/product-images/10/thumbnail.jpeg']",2024-01-27T08:36:52.485768,eyJpZCI6IDEwLCAidGl0bGUiOiAiSFAgUGF2aWxpb24gMTUtREsxMDU2V00iLCAiZGVzY3JpcHRpb24iOiAiSFAgUGF2aWxpb24gMTUtREsxMDU2V00gR2FtaW5nIExhcHRvcCAxMHRoIEdlbiBDb3JlIGk1LCA4R0IsIDI1NkdCIFNTRCwgR1RYIDE2NTAgNEdCLCBXaW5kb3dzIDEwIiwgInByaWNlIjogMTA5OSwgImRpc2NvdW50UGVyY2VudGFnZSI6IDYuMTgsICJyYXRpbmciOiA0LjQzLCAic3RvY2siOiA4OSwgImJyYW5kIjogIkhQIFBhdmlsaW9uIiwgImNhdGVnb3J5IjogImxhcHRvcHMiLCAidGh1bWJuYWlsIjogImh0dHBzOi8vY2RuLmR1bW15anNvbi5jb20vcHJvZHVjdC1pbWFnZXMvMTAvdGh1bWJuYWlsLmpwZWciLCAiaW1hZ2VzIjogWyJodHRwczovL2Nkbi5kdW1teWpzb24uY29tL3Byb2R1Y3QtaW1hZ2VzLzEwLzEuanBnIiwgImh0dHBzOi8vY2RuLmR1bW15anNvbi5jb20vcHJvZHVjdC1pbWFnZXMvMTAvMi5qcGciLCAiaHR0cHM6Ly9jZG4uZHVtbXlqc29uLmNvbS9wcm9kdWN0LWltYWdlcy8xMC8zLmpwZyIsICJodHRwczovL2Nkbi5kdW1teWpzb24uY29tL3Byb2R1Y3QtaW1hZ2VzLzEwL3RodW1ibmFpbC5qcGVnIl0sICJteV9kYXRlIjogIjIwMjQtMDEtMjdUMDg6MzY6NTIuNDg1NzY4In0=,https%3A%2F%2Fcdn.dummyjson.com%2Fproduct-images%2F10%2Fthumbnail.jpeg,d50220a8-6108-464f-ae12-496903b3ebee,aba76fd1e8fd548d7629574153736864,GhPwMeG6,HfeoXZ66
11,perfume Oil,"Mega Discount, Impression of Acqua Di Gio by GiorgioArmani concentrated attar perfume Oil",13,8.4,4.26,65,Impression of Acqua Di Gio,fragrances,https://cdn.dummyjson.com/product-images/11/thumbnail.jpg,"['https://cdn.dummyjson.com/product-images/11/1.jpg', 'https://cdn.dummyjson.com/product-images/11/2.jpg', 'https://cdn.dummyjson.com/product-images/11/3.jpg', 'https://cdn.dummyjson.com/product-images/11/thumbnail.jpg']",2024-01-27T08:36:52.485768,eyJpZCI6IDExLCAidGl0bGUiOiAicGVyZnVtZSBPaWwiLCAiZGVzY3JpcHRpb24iOiAiTWVnYSBEaXNjb3VudCwgSW1wcmVzc2lvbiBvZiBBY3F1YSBEaSBHaW8gYnkgR2lvcmdpb0FybWFuaSBjb25jZW50cmF0ZWQgYXR0YXIgcGVyZnVtZSBPaWwiLCAicHJpY2UiOiAxMywgImRpc2NvdW50UGVyY2VudGFnZSI6IDguNCwgInJhdGluZyI6IDQuMjYsICJzdG9jayI6IDY1LCAiYnJhbmQiOiAiSW1wcmVzc2lvbiBvZiBBY3F1YSBEaSBHaW8iLCAiY2F0ZWdvcnkiOiAiZnJhZ3JhbmNlcyIsICJ0aHVtYm5haWwiOiAiaHR0cHM6Ly9jZG4uZHVtbXlqc29uLmNvbS9wcm9kdWN0LWltYWdlcy8xMS90aHVtYm5haWwuanBnIiwgImltYWdlcyI6IFsiaHR0cHM6Ly9jZG4uZHVtbXlqc29uLmNvbS9wcm9kdWN0LWltYWdlcy8xMS8xLmpwZyIsICJodHRwczovL2Nkbi5kdW1teWpzb24uY29tL3Byb2R1Y3QtaW1hZ2VzLzExLzIuanBnIiwgImh0dHBzOi8vY2RuLmR1bW15anNvbi5jb20vcHJvZHVjdC1pbWFnZXMvMTEvMy5qcGciLCAiaHR0cHM6Ly9jZG4uZHVtbXlqc29uLmNvbS9wcm9kdWN0LWltYWdlcy8xMS90aHVtYm5haWwuanBnIl0sICJteV9kYXRlIjogIjIwMjQtMDEtMjdUMDg6MzY6NTIuNDg1NzY4In0=,https%3A%2F%2Fcdn.dummyjson.com%2Fproduct-images%2F11%2Fthumbnail.jpg,29c604b9-1c19-4f44-a2f0-c53f6b299595,c1a7a2da4a3d212e7bdc5e3b7ae9bda9,GO3wEfnA,2VCLE7rC
12,Brown Perfume,Royal_Mirage Sport Brown Perfume for Men & Women - 120ml,40,15.66,4,52,Royal_Mirage,fragrances,https://cdn.dummyjson.com/product-images/12/thumbnail.jpg,"['https://cdn.dummyjson.com/product-images/12/1.jpg', 'https://cdn.dummyjson.com/product-images/12/2.jpg', 'https://cdn.dummyjson.com/product-images/12/3.png', 'https://cdn.dummyjson.com/product-images/12/4.jpg', 'https://cdn.dummyjson.com/product-images/12/thumbnail.jpg']",2024-01-27T08:36:52.486785,eyJpZCI6IDEyLCAidGl0bGUiOiAiQnJvd24gUGVyZnVtZSIsICJkZXNjcmlwdGlvbiI6ICJSb3lhbF9NaXJhZ2UgU3BvcnQgQnJvd24gUGVyZnVtZSBmb3IgTWVuICYgV29tZW4gLSAxMjBtbCIsICJwcmljZSI6IDQwLCAiZGlzY291bnRQZXJjZW50YWdlIjogMTUuNjYsICJyYXRpbmciOiA0LCAic3RvY2siOiA1MiwgImJyYW5kIjogIlJveWFsX01pcmFnZSIsICJjYXRlZ29yeSI6ICJmcmFncmFuY2VzIiwgInRodW1ibmFpbCI6ICJodHRwczovL2Nkbi5kdW1teWpzb24uY29tL3Byb2R1Y3QtaW1hZ2VzLzEyL3RodW1ibmFpbC5qcGciLCAiaW1hZ2VzIjogWyJodHRwczovL2Nkbi5kdW1teWpzb24uY29tL3Byb2R1Y3QtaW1hZ2VzLzEyLzEuanBnIiwgImh0dHBzOi8vY2RuLmR1bW15anNvbi5jb20vcHJvZHVjdC1pbWFnZXMvMTIvMi5qcGciLCAiaHR0cHM6Ly9jZG4uZHVtbXlqc29uLmNvbS9wcm9kdWN0LWltYWdlcy8xMi8zLnBuZyIsICJodHRwczovL2Nkbi5kdW1teWpzb24uY29tL3Byb2R1Y3QtaW1hZ2VzLzEyLzQuanBnIiwgImh0dHBzOi8vY2RuLmR1bW15anNvbi5jb20vcHJvZHVjdC1pbWFnZXMvMTIvdGh1bWJuYWlsLmpwZyJdLCAibXlfZGF0ZSI6ICIyMDI0LTAxLTI3VDA4OjM2OjUyLjQ4Njc4NSJ9,https%3A%2F%2Fcdn.dummyjson.com%2Fproduct-images%2F12%2Fthumbnail.jpg,59d66754-b7cc-4d45-b25e-cd7262ffcbab,1b45cbce00b2d365eb306486ab87cb24,lJNROMto,XrDHQoCl
13,Fog Scent Xpressio Perfume,Product details of Best Fog Scent Xpressio Perfume 100ml For Men cool long lasting perfumes for Men,13,8.14,4.59,61,Fog Scent Xpressio,fragrances,https://cdn.dummyjson.com/product-images/13/thumbnail.webp,"['https://cdn.dummyjson.com/product-images/13/1.jpg', 'https://cdn.dummyjson.com/product-images/13/2.png', 'https://cdn.dummyjson.com/product-images/13/3.jpg', 'https://cdn.dummyjson.com/product-images/13/4.jpg', 'https://cdn.dummyjson.com/product-images/13/thumbnail.webp']",2024-01-27T08:36:52.486785,eyJpZCI6IDEzLCAidGl0bGUiOiAiRm9nIFNjZW50IFhwcmVzc2lvIFBlcmZ1bWUiLCAiZGVzY3JpcHRpb24iOiAiUHJvZHVjdCBkZXRhaWxzIG9mIEJlc3QgRm9nIFNjZW50IFhwcmVzc2lvIFBlcmZ1bWUgMTAwbWwgRm9yIE1lbiBjb29sIGxvbmcgbGFzdGluZyBwZXJmdW1lcyBmb3IgTWVuIiwgInByaWNlIjogMTMsICJkaXNjb3VudFBlcmNlbnRhZ2UiOiA4LjE0LCAicmF0aW5nIjogNC41OSwgInN0b2NrIjogNjEsICJicmFuZCI6ICJGb2cgU2NlbnQgWHByZXNzaW8iLCAiY2F0ZWdvcnkiOiAiZnJhZ3JhbmNlcyIsICJ0aHVtYm5haWwiOiAiaHR0cHM6Ly9jZG4uZHVtbXlqc29uLmNvbS9wcm9kdWN0LWltYWdlcy8xMy90aHVtYm5haWwud2VicCIsICJpbWFnZXMiOiBbImh0dHBzOi8vY2RuLmR1bW15anNvbi5jb20vcHJvZHVjdC1pbWFnZXMvMTMvMS5qcGciLCAiaHR0cHM6Ly9jZG4uZHVtbXlqc29uLmNvbS9wcm9kdWN0LWltYWdlcy8xMy8yLnBuZyIsICJodHRwczovL2Nkbi5kdW1teWpzb24uY29tL3Byb2R1Y3QtaW1hZ2VzLzEzLzMuanBnIiwgImh0dHBzOi8vY2RuLmR1bW15anNvbi5jb20vcHJvZHVjdC1pbWFnZXMvMTMvNC5qcGciLCAiaHR0cHM6Ly9jZG4uZHVtbXlqc29uLmNvbS9wcm9kdWN0LWltYWdlcy8xMy90aHVtYm5haWwud2VicCJdLCAibXlfZGF0ZSI6ICIyMDI0LTAxLTI3VDA4OjM2OjUyLjQ4Njc4NSJ9,https%3A%2F%2Fcdn.dummyjson.com%2Fproduct-images%2F13%2Fthumbnail.webp,a45baccd-573a-4f8d-ab46-98b97a8e5175,14b324691ce614b39e5d0a6428c6fb0e,wBUj9FtB,EL9GjYVn
14,Non-Alcoholic Concentrated Perfume Oil,Original Al Munakh® by Mahal Al Musk | Our Impression of Climate | 6ml Non-Alcoholic Concentrated Perfume Oil,120,15.6,4.21,114,Al Munakh,fragrances,https://cdn.dummyjson.com/product-images/14/thumbnail.jpg,"['https://cdn.dummyjson.com/product-images/14/1.jpg', 'https://cdn.dummyjson.com/product-images/14/2.jpg', 'https://cdn.dummyjson.com/product-images/14/3.jpg', 'https://cdn.dummyjson.com/product-images/14/thumbnail.jpg']",2024-01-27T08:36:52.486785,eyJpZCI6IDE0LCAidGl0bGUiOiAiTm9uLUFsY29ob2xpYyBDb25jZW50cmF0ZWQgUGVyZnVtZSBPaWwiLCAiZGVzY3JpcHRpb24iOiAiT3JpZ2luYWwgQWwgTXVuYWtoXHUwMGFlIGJ5IE1haGFsIEFsIE11c2sgfCBPdXIgSW1wcmVzc2lvbiBvZiBDbGltYXRlIHwgNm1sIE5vbi1BbGNvaG9saWMgQ29uY2VudHJhdGVkIFBlcmZ1bWUgT2lsIiwgInByaWNlIjogMTIwLCAiZGlzY291bnRQZXJjZW50YWdlIjogMTUuNiwgInJhdGluZyI6IDQuMjEsICJzdG9jayI6IDExNCwgImJyYW5kIjogIkFsIE11bmFraCIsICJjYXRlZ29yeSI6ICJmcmFncmFuY2VzIiwgInRodW1ibmFpbCI6ICJodHRwczovL2Nkbi5kdW1teWpzb24uY29tL3Byb2R1Y3QtaW1hZ2VzLzE0L3RodW1ibmFpbC5qcGciLCAiaW1hZ2VzIjogWyJodHRwczovL2Nkbi5kdW1teWpzb24uY29tL3Byb2R1Y3QtaW1hZ2VzLzE0LzEuanBnIiwgImh0dHBzOi8vY2RuLmR1bW15anNvbi5jb20vcHJvZHVjdC1pbWFnZXMvMTQvMi5qcGciLCAiaHR0cHM6Ly9jZG4uZHVtbXlqc29uLmNvbS9wcm9kdWN0LWltYWdlcy8xNC8zLmpwZyIsICJodHRwczovL2Nkbi5kdW1teWpzb24uY29tL3Byb2R1Y3QtaW1hZ2VzLzE0L3RodW1ibmFpbC5qcGciXSwgIm15X2RhdGUiOiAiMjAyNC0wMS0yN1QwODozNjo1Mi40ODY3ODUifQ==,https%3A%2F%2Fcdn.dummyjson.com%2Fproduct-images%2F14%2Fthumbnail.jpg,fce4cfb6-483a-4b74-936d-8ccce0a683c4,b604610f87c15bf81d37096738a7a48a,xqYmRbJv,kmSkfiEj
15,Eau De Perfume Spray,Genuine  Al-Rehab spray perfume from UAE/Saudi Arabia/Yemen High Quality,30,10.99,4.7,105,Lord - Al-Rehab,fragrances,https://cdn.dummyjson.com/product-images/15/thumbnail.jpg,"['https://cdn.dummyjson.com/product-images/15/1.jpg', 'https://cdn.dummyjson.com/product-images/15/2.jpg', 'https://cdn.dummyjson.com/product-images/15/3.jpg', 'https://cdn.dummyjson.com/product-images/15/4.jpg', 'https://cdn.dummyjson.com/product-images/15/thumbnail.jpg']",2024-01-27T08:36:52.486785,eyJpZCI6IDE1LCAidGl0bGUiOiAiRWF1IERlIFBlcmZ1bWUgU3ByYXkiLCAiZGVzY3JpcHRpb24iOiAiR2VudWluZSAgQWwtUmVoYWIgc3ByYXkgcGVyZnVtZSBmcm9tIFVBRS9TYXVkaSBBcmFiaWEvWWVtZW4gSGlnaCBRdWFsaXR5IiwgInByaWNlIjogMzAsICJkaXNjb3VudFBlcmNlbnRhZ2UiOiAxMC45OSwgInJhdGluZyI6IDQuNywgInN0b2NrIjogMTA1LCAiYnJhbmQiOiAiTG9yZCAtIEFsLVJlaGFiIiwgImNhdGVnb3J5IjogImZyYWdyYW5jZXMiLCAidGh1bWJuYWlsIjogImh0dHBzOi8vY2RuLmR1bW15anNvbi5jb20vcHJvZHVjdC1pbWFnZXMvMTUvdGh1bWJuYWlsLmpwZyIsICJpbWFnZXMiOiBbImh0dHBzOi8vY2RuLmR1bW15anNvbi5jb20vcHJvZHVjdC1pbWFnZXMvMTUvMS5qcGciLCAiaHR0cHM6Ly9jZG4uZHVtbXlqc29uLmNvbS9wcm9kdWN0LWltYWdlcy8xNS8yLmpwZyIsICJodHRwczovL2Nkbi5kdW1teWpzb24uY29tL3Byb2R1Y3QtaW1hZ2VzLzE1LzMuanBnIiwgImh0dHBzOi8vY2RuLmR1bW15anNvbi5jb20vcHJvZHVjdC1pbWFnZXMvMTUvNC5qcGciLCAiaHR0cHM6Ly9jZG4uZHVtbXlqc29uLmNvbS9wcm9kdWN0LWltYWdlcy8xNS90aHVtYm5haWwuanBnIl0sICJteV9kYXRlIjogIjIwMjQtMDEtMjdUMDg6MzY6NTIuNDg2Nzg1In0=,https%3A%2F%2Fcdn.dummyjson.com%2Fproduct-images%2F15%2Fthumbnail.jpg,ce1ef1e4-ecc1-4551-bba3-3d32b06e4994,b335ada033f9eb06a9cfd747f1521b1c,p7LEANeC,JuNneCCx
16,Hyaluronic Acid Serum,L'OrÃ©al Paris introduces Hyaluron Expert Replumping Serum formulated with 1.5% Hyaluronic Acid,19,13.31,4.83,110,L'Oreal Paris,skincare,https://cdn.dummyjson.com/product-images/16/thumbnail.jpg,"['https://cdn.dummyjson.com/product-images/16/1.png', 'https://cdn.dummyjson.com/product-images/16/2.webp', 'https://cdn.dummyjson.com/product-images/16/3.jpg', 'https://cdn.dummyjson.com/product-images/16/4.jpg', 'https://cdn.dummyjson.com/product-images/16/thumbnail.jpg']",2024-01-27T08:36:52.486785,eyJpZCI6IDE2LCAidGl0bGUiOiAiSHlhbHVyb25pYyBBY2lkIFNlcnVtIiwgImRlc2NyaXB0aW9uIjogIkwnT3JcdTAwYzNcdTAwYTlhbCBQYXJpcyBpbnRyb2R1Y2VzIEh5YWx1cm9uIEV4cGVydCBSZXBsdW1waW5nIFNlcnVtIGZvcm11bGF0ZWQgd2l0aCAxLjUlIEh5YWx1cm9uaWMgQWNpZCIsICJwcmljZSI6IDE5LCAiZGlzY291bnRQZXJjZW50YWdlIjogMTMuMzEsICJyYXRpbmciOiA0LjgzLCAic3RvY2siOiAxMTAsICJicmFuZCI6ICJMJ09yZWFsIFBhcmlzIiwgImNhdGVnb3J5IjogInNraW5jYXJlIiwgInRodW1ibmFpbCI6ICJodHRwczovL2Nkbi5kdW1teWpzb24uY29tL3Byb2R1Y3QtaW1hZ2VzLzE2L3RodW1ibmFpbC5qcGciLCAiaW1hZ2VzIjogWyJodHRwczovL2Nkbi5kdW1teWpzb24uY29tL3Byb2R1Y3QtaW1hZ2VzLzE2LzEucG5nIiwgImh0dHBzOi8vY2RuLmR1bW15anNvbi5jb20vcHJvZHVjdC1pbWFnZXMvMTYvMi53ZWJwIiwgImh0dHBzOi8vY2RuLmR1bW15anNvbi5jb20vcHJvZHVjdC1pbWFnZXMvMTYvMy5qcGciLCAiaHR0cHM6Ly9jZG4uZHVtbXlqc29uLmNvbS9wcm9kdWN0LWltYWdlcy8xNi80LmpwZyIsICJodHRwczovL2Nkbi5kdW1teWpzb24uY29tL3Byb2R1Y3QtaW1hZ2VzLzE2L3RodW1ibmFpbC5qcGciXSwgIm15X2RhdGUiOiAiMjAyNC0wMS0yN1QwODozNjo1Mi40ODY3ODUifQ==,https%3A%2F%2Fcdn.dummyjson.com%2Fproduct-images%2F16%2Fthumbnail.jpg,016c90ed-a53c-4a29-8437-17b9b93cf775,3d01fa431afea53472822e6c074ccbd4,0TVGFRC9,DPfvVMXZ
17,Tree Oil 30ml,"Tea tree oil contains a number of compounds, including terpinen-4-ol, that have been shown to kill certain bacteria,",12,4.09,4.52,78,Hemani Tea,skincare,https://cdn.dummyjson.com/product-images/17/thumbnail.jpg,"['https://cdn.dummyjson.com/product-images/17/1.jpg', 'https://cdn.dummyjson.com/product-images/17/2.jpg', 'https://cdn.dummyjson.com/product-images/17/3.jpg', 'https://cdn.dummyjson.com/product-images/17/thumbnail.jpg']",2024-01-27T08:36:52.486785,eyJpZCI6IDE3LCAidGl0bGUiOiAiVHJlZSBPaWwgMzBtbCIsICJkZXNjcmlwdGlvbiI6ICJUZWEgdHJlZSBvaWwgY29udGFpbnMgYSBudW1iZXIgb2YgY29tcG91bmRzLCBpbmNsdWRpbmcgdGVycGluZW4tNC1vbCwgdGhhdCBoYXZlIGJlZW4gc2hvd24gdG8ga2lsbCBjZXJ0YWluIGJhY3RlcmlhLCIsICJwcmljZSI6IDEyLCAiZGlzY291bnRQZXJjZW50YWdlIjogNC4wOSwgInJhdGluZyI6IDQuNTIsICJzdG9jayI6IDc4LCAiYnJhbmQiOiAiSGVtYW5pIFRlYSIsICJjYXRlZ29yeSI6ICJza2luY2FyZSIsICJ0aHVtYm5haWwiOiAiaHR0cHM6Ly9jZG4uZHVtbXlqc29uLmNvbS9wcm9kdWN0LWltYWdlcy8xNy90aHVtYm5haWwuanBnIiwgImltYWdlcyI6IFsiaHR0cHM6Ly9jZG4uZHVtbXlqc29uLmNvbS9wcm9kdWN0LWltYWdlcy8xNy8xLmpwZyIsICJodHRwczovL2Nkbi5kdW1teWpzb24uY29tL3Byb2R1Y3QtaW1hZ2VzLzE3LzIuanBnIiwgImh0dHBzOi8vY2RuLmR1bW15anNvbi5jb20vcHJvZHVjdC1pbWFnZXMvMTcvMy5qcGciLCAiaHR0cHM6Ly9jZG4uZHVtbXlqc29uLmNvbS9wcm9kdWN0LWltYWdlcy8xNy90aHVtYm5haWwuanBnIl0sICJteV9kYXRlIjogIjIwMjQtMDEtMjdUMDg6MzY6NTIuNDg2Nzg1In0=,https%3A%2F%2Fcdn.dummyjson.com%2Fproduct-images%2F17%2Fthumbnail.jpg,ef0fcb19-019f-4318-937c-d575a8350cef,7dea73738bd6712452f7eca6d10ae233,0ePkk7D5,Nm5oJWnU
18,Oil Free Moisturizer 100ml,"Dermive Oil Free Moisturizer with SPF 20 is specifically formulated with ceramides, hyaluronic acid & sunscreen.",40,13.1,4.56,88,Dermive,skincare,https://cdn.dummyjson.com/product-images/18/thumbnail.jpg,"['https://cdn.dummyjson.com/product-images/18/1.jpg', 'https://cdn.dummyjson.com/product-images/18/2.jpg', 'https://cdn.dummyjson.com/product-images/18/3.jpg', 'https://cdn.dummyjson.com/product-images/18/4.jpg', 'https://cdn.dummyjson.com/product-images/18/thumbnail.jpg']",2024-01-27T08:36:52.487785,eyJpZCI6IDE4LCAidGl0bGUiOiAiT2lsIEZyZWUgTW9pc3R1cml6ZXIgMTAwbWwiLCAiZGVzY3JpcHRpb24iOiAiRGVybWl2ZSBPaWwgRnJlZSBNb2lzdHVyaXplciB3aXRoIFNQRiAyMCBpcyBzcGVjaWZpY2FsbHkgZm9ybXVsYXRlZCB3aXRoIGNlcmFtaWRlcywgaHlhbHVyb25pYyBhY2lkICYgc3Vuc2NyZWVuLiIsICJwcmljZSI6IDQwLCAiZGlzY291bnRQZXJjZW50YWdlIjogMTMuMSwgInJhdGluZyI6IDQuNTYsICJzdG9jayI6IDg4LCAiYnJhbmQiOiAiRGVybWl2ZSIsICJjYXRlZ29yeSI6ICJza2luY2FyZSIsICJ0aHVtYm5haWwiOiAiaHR0cHM6Ly9jZG4uZHVtbXlqc29uLmNvbS9wcm9kdWN0LWltYWdlcy8xOC90aHVtYm5haWwuanBnIiwgImltYWdlcyI6IFsiaHR0cHM6Ly9jZG4uZHVtbXlqc29uLmNvbS9wcm9kdWN0LWltYWdlcy8xOC8xLmpwZyIsICJodHRwczovL2Nkbi5kdW1teWpzb24uY29tL3Byb2R1Y3QtaW1hZ2VzLzE4LzIuanBnIiwgImh0dHBzOi8vY2RuLmR1bW15anNvbi5jb20vcHJvZHVjdC1pbWFnZXMvMTgvMy5qcGciLCAiaHR0cHM6Ly9jZG4uZHVtbXlqc29uLmNvbS9wcm9kdWN0LWltYWdlcy8xOC80LmpwZyIsICJodHRwczovL2Nkbi5kdW1teWpzb24uY29tL3Byb2R1Y3QtaW1hZ2VzLzE4L3RodW1ibmFpbC5qcGciXSwgIm15X2RhdGUiOiAiMjAyNC0wMS0yN1QwODozNjo1Mi40ODc3ODUifQ==,https%3A%2F%2Fcdn.dummyjson.com%2Fproduct-images%2F18%2Fthumbnail.jpg,12a12e28-55f9-4d74-8393-37706d243509,8e1ce95f562d2cd03e78d43ebff8c670,fVNN6egQ,tjXZz46K
19,Skin Beauty Serum.,Product name: rorec collagen hyaluronic acid white face serum riceNet weight: 15 m,46,10.68,4.42,54,ROREC White Rice,skincare,https://cdn.dummyjson.com/product-images/19/thumbnail.jpg,"['https://cdn.dummyjson.com/product-images/19/1.jpg', 'https://cdn.dummyjson.com/product-images/19/2.jpg', 'https://cdn.dummyjson.com/product-images/19/3.png', 'https://cdn.dummyjson.com/product-images/19/thumbnail.jpg']",2024-01-27T08:36:52.487785,eyJpZCI6IDE5LCAidGl0bGUiOiAiU2tpbiBCZWF1dHkgU2VydW0uIiwgImRlc2NyaXB0aW9uIjogIlByb2R1Y3QgbmFtZTogcm9yZWMgY29sbGFnZW4gaHlhbHVyb25pYyBhY2lkIHdoaXRlIGZhY2Ugc2VydW0gcmljZU5ldCB3ZWlnaHQ6IDE1IG0iLCAicHJpY2UiOiA0NiwgImRpc2NvdW50UGVyY2VudGFnZSI6IDEwLjY4LCAicmF0aW5nIjogNC40MiwgInN0b2NrIjogNTQsICJicmFuZCI6ICJST1JFQyBXaGl0ZSBSaWNlIiwgImNhdGVnb3J5IjogInNraW5jYXJlIiwgInRodW1ibmFpbCI6ICJodHRwczovL2Nkbi5kdW1teWpzb24uY29tL3Byb2R1Y3QtaW1hZ2VzLzE5L3RodW1ibmFpbC5qcGciLCAiaW1hZ2VzIjogWyJodHRwczovL2Nkbi5kdW1teWpzb24uY29tL3Byb2R1Y3QtaW1hZ2VzLzE5LzEuanBnIiwgImh0dHBzOi8vY2RuLmR1bW15anNvbi5jb20vcHJvZHVjdC1pbWFnZXMvMTkvMi5qcGciLCAiaHR0cHM6Ly9jZG4uZHVtbXlqc29uLmNvbS9wcm9kdWN0LWltYWdlcy8xOS8zLnBuZyIsICJodHRwczovL2Nkbi5kdW1teWpzb24uY29tL3Byb2R1Y3QtaW1hZ2VzLzE5L3RodW1ibmFpbC5qcGciXSwgIm15X2RhdGUiOiAiMjAyNC0wMS0yN1QwODozNjo1Mi40ODc3ODUifQ==,https%3A%2F%2Fcdn.dummyjson.com%2Fproduct-images%2F19%2Fthumbnail.jpg,b129d364-c3c9-4b5e-b161-408b99d00531,30fc821f4a6865b07f802cbd5b3dd856,X5CFiYeJ,VnEOpPMv
20,Freckle Treatment Cream- 15gm,"Fair & Clear is Pakistan's only pure Freckle cream which helpsfade Freckles, Darkspots and pigments. Mercury level is 0%, so there are no side effects.",70,16.99,4.06,140,Fair & Clear,skincare,https://cdn.dummyjson.com/product-images/20/thumbnail.jpg,"['https://cdn.dummyjson.com/product-images/20/1.jpg', 'https://cdn.dummyjson.com/product-images/20/2.jpg', 'https://cdn.dummyjson.com/product-images/20/3.jpg', 'https://cdn.dummyjson.com/product-images/20/4.jpg', 'https://cdn.dummyjson.com/product-images/20/thumbnail.jpg']",2024-01-27T08:36:52.487785,eyJpZCI6IDIwLCAidGl0bGUiOiAiRnJlY2tsZSBUcmVhdG1lbnQgQ3JlYW0tIDE1Z20iLCAiZGVzY3JpcHRpb24iOiAiRmFpciAmIENsZWFyIGlzIFBha2lzdGFuJ3Mgb25seSBwdXJlIEZyZWNrbGUgY3JlYW0gd2hpY2ggaGVscHNmYWRlIEZyZWNrbGVzLCBEYXJrc3BvdHMgYW5kIHBpZ21lbnRzLiBNZXJjdXJ5IGxldmVsIGlzIDAlLCBzbyB0aGVyZSBhcmUgbm8gc2lkZSBlZmZlY3RzLiIsICJwcmljZSI6IDcwLCAiZGlzY291bnRQZXJjZW50YWdlIjogMTYuOTksICJyYXRpbmciOiA0LjA2LCAic3RvY2siOiAxNDAsICJicmFuZCI6ICJGYWlyICYgQ2xlYXIiLCAiY2F0ZWdvcnkiOiAic2tpbmNhcmUiLCAidGh1bWJuYWlsIjogImh0dHBzOi8vY2RuLmR1bW15anNvbi5jb20vcHJvZHVjdC1pbWFnZXMvMjAvdGh1bWJuYWlsLmpwZyIsICJpbWFnZXMiOiBbImh0dHBzOi8vY2RuLmR1bW15anNvbi5jb20vcHJvZHVjdC1pbWFnZXMvMjAvMS5qcGciLCAiaHR0cHM6Ly9jZG4uZHVtbXlqc29uLmNvbS9wcm9kdWN0LWltYWdlcy8yMC8yLmpwZyIsICJodHRwczovL2Nkbi5kdW1teWpzb24uY29tL3Byb2R1Y3QtaW1hZ2VzLzIwLzMuanBnIiwgImh0dHBzOi8vY2RuLmR1bW15anNvbi5jb20vcHJvZHVjdC1pbWFnZXMvMjAvNC5qcGciLCAiaHR0cHM6Ly9jZG4uZHVtbXlqc29uLmNvbS9wcm9kdWN0LWltYWdlcy8yMC90aHVtYm5haWwuanBnIl0sICJteV9kYXRlIjogIjIwMjQtMDEtMjdUMDg6MzY6NTIuNDg3Nzg1In0=,https%3A%2F%2Fcdn.dummyjson.com%2Fproduct-images%2F20%2Fthumbnail.jpg,0481f311-4c61-4c7b-a539-536a4c1de35e,fb7df0fe82f6e2dd415ec481ab6ed537,UBeVjiXb,Fo0FCkT6
21,- Daal Masoor 500 grams,Fine quality Branded Product Keep in a cool and dry place,20,4.81,4.44,133,Saaf & Khaas,groceries,https://cdn.dummyjson.com/product-images/21/thumbnail.png,"['https://cdn.dummyjson.com/product-images/21/1.png', 'https://cdn.dummyjson.com/product-images/21/2.jpg', 'https://cdn.dummyjson.com/product-images/21/3.jpg']",2024-01-27T08:36:52.487785,eyJpZCI6IDIxLCAidGl0bGUiOiAiLSBEYWFsIE1hc29vciA1MDAgZ3JhbXMiLCAiZGVzY3JpcHRpb24iOiAiRmluZSBxdWFsaXR5IEJyYW5kZWQgUHJvZHVjdCBLZWVwIGluIGEgY29vbCBhbmQgZHJ5IHBsYWNlIiwgInByaWNlIjogMjAsICJkaXNjb3VudFBlcmNlbnRhZ2UiOiA0LjgxLCAicmF0aW5nIjogNC40NCwgInN0b2NrIjogMTMzLCAiYnJhbmQiOiAiU2FhZiAmIEtoYWFzIiwgImNhdGVnb3J5IjogImdyb2NlcmllcyIsICJ0aHVtYm5haWwiOiAiaHR0cHM6Ly9jZG4uZHVtbXlqc29uLmNvbS9wcm9kdWN0LWltYWdlcy8yMS90aHVtYm5haWwucG5nIiwgImltYWdlcyI6IFsiaHR0cHM6Ly9jZG4uZHVtbXlqc29uLmNvbS9wcm9kdWN0LWltYWdlcy8yMS8xLnBuZyIsICJodHRwczovL2Nkbi5kdW1teWpzb24uY29tL3Byb2R1Y3QtaW1hZ2VzLzIxLzIuanBnIiwgImh0dHBzOi8vY2RuLmR1bW15anNvbi5jb20vcHJvZHVjdC1pbWFnZXMvMjEvMy5qcGciXSwgIm15X2RhdGUiOiAiMjAyNC0wMS0yN1QwODozNjo1Mi40ODc3ODUifQ==,https%3A%2F%2Fcdn.dummyjson.com%2Fproduct-images%2F21%2Fthumbnail.png,21a30d8b-0f7c-4e8f-a45e-df4131b939af,023ba28a54753d380f62ca8da1dbaf7b,BrUsDVrn,9CUDQTIb
22,Elbow Macaroni - 400 gm,Product details of Bake Parlor Big Elbow Macaroni - 400 gm,14,15.58,4.57,146,Bake Parlor Big,groceries,https://cdn.dummyjson.com/product-images/22/thumbnail.jpg,"['https://cdn.dummyjson.com/product-images/22/1.jpg', 'https://cdn.dummyjson.com/product-images/22/2.jpg', 'https://cdn.dummyjson.com/product-images/22/3.jpg']",2024-01-27T08:36:52.487785,eyJpZCI6IDIyLCAidGl0bGUiOiAiRWxib3cgTWFjYXJvbmkgLSA0MDAgZ20iLCAiZGVzY3JpcHRpb24iOiAiUHJvZHVjdCBkZXRhaWxzIG9mIEJha2UgUGFybG9yIEJpZyBFbGJvdyBNYWNhcm9uaSAtIDQwMCBnbSIsICJwcmljZSI6IDE0LCAiZGlzY291bnRQZXJjZW50YWdlIjogMTUuNTgsICJyYXRpbmciOiA0LjU3LCAic3RvY2siOiAxNDYsICJicmFuZCI6ICJCYWtlIFBhcmxvciBCaWciLCAiY2F0ZWdvcnkiOiAiZ3JvY2VyaWVzIiwgInRodW1ibmFpbCI6ICJodHRwczovL2Nkbi5kdW1teWpzb24uY29tL3Byb2R1Y3QtaW1hZ2VzLzIyL3RodW1ibmFpbC5qcGciLCAiaW1hZ2VzIjogWyJodHRwczovL2Nkbi5kdW1teWpzb24uY29tL3Byb2R1Y3QtaW1hZ2VzLzIyLzEuanBnIiwgImh0dHBzOi8vY2RuLmR1bW15anNvbi5jb20vcHJvZHVjdC1pbWFnZXMvMjIvMi5qcGciLCAiaHR0cHM6Ly9jZG4uZHVtbXlqc29uLmNvbS9wcm9kdWN0LWltYWdlcy8yMi8zLmpwZyJdLCAibXlfZGF0ZSI6ICIyMDI0LTAxLTI3VDA4OjM2OjUyLjQ4Nzc4NSJ9,https%3A%2F%2Fcdn.dummyjson.com%2Fproduct-images%2F22%2Fthumbnail.jpg,6722c9f7-9962-49c3-939b-33c760675278,5e5d07b0ea007ca57b117ad218c282f0,ceZ4hYzW,nwnbgwN6
23,Orange Essence Food Flavou,Specifications of Orange Essence Food Flavour For Cakes and Baking Food Item,14,8.04,4.85,26,Baking Food Items,groceries,https://cdn.dummyjson.com/product-images/23/thumbnail.jpg,"['https://cdn.dummyjson.com/product-images/23/1.jpg', 'https://cdn.dummyjson.com/product-images/23/2.jpg', 'https://cdn.dummyjson.com/product-images/23/3.jpg', 'https://cdn.dummyjson.com/product-images/23/4.jpg', 'https://cdn.dummyjson.com/product-images/23/thumbnail.jpg']",2024-01-27T08:36:52.487785,eyJpZCI6IDIzLCAidGl0bGUiOiAiT3JhbmdlIEVzc2VuY2UgRm9vZCBGbGF2b3UiLCAiZGVzY3JpcHRpb24iOiAiU3BlY2lmaWNhdGlvbnMgb2YgT3JhbmdlIEVzc2VuY2UgRm9vZCBGbGF2b3VyIEZvciBDYWtlcyBhbmQgQmFraW5nIEZvb2QgSXRlbSIsICJwcmljZSI6IDE0LCAiZGlzY291bnRQZXJjZW50YWdlIjogOC4wNCwgInJhdGluZyI6IDQuODUsICJzdG9jayI6IDI2LCAiYnJhbmQiOiAiQmFraW5nIEZvb2QgSXRlbXMiLCAiY2F0ZWdvcnkiOiAiZ3JvY2VyaWVzIiwgInRodW1ibmFpbCI6ICJodHRwczovL2Nkbi5kdW1teWpzb24uY29tL3Byb2R1Y3QtaW1hZ2VzLzIzL3RodW1ibmFpbC5qcGciLCAiaW1hZ2VzIjogWyJodHRwczovL2Nkbi5kdW1teWpzb24uY29tL3Byb2R1Y3QtaW1hZ2VzLzIzLzEuanBnIiwgImh0dHBzOi8vY2RuLmR1bW15anNvbi5jb20vcHJvZHVjdC1pbWFnZXMvMjMvMi5qcGciLCAiaHR0cHM6Ly9jZG4uZHVtbXlqc29uLmNvbS9wcm9kdWN0LWltYWdlcy8yMy8zLmpwZyIsICJodHRwczovL2Nkbi5kdW1teWpzb24uY29tL3Byb2R1Y3QtaW1hZ2VzLzIzLzQuanBnIiwgImh0dHBzOi8vY2RuLmR1bW15anNvbi5jb20vcHJvZHVjdC1pbWFnZXMvMjMvdGh1bWJuYWlsLmpwZyJdLCAibXlfZGF0ZSI6ICIyMDI0LTAxLTI3VDA4OjM2OjUyLjQ4Nzc4NSJ9,https%3A%2F%2Fcdn.dummyjson.com%2Fproduct-images%2F23%2Fthumbnail.jpg,37871a57-6755-4a34-b8a0-59ced3c7f1ae,236f516a129ee34e032117d5ffd12548,Pejrr3Me,fIa30sfR
24,cereals muesli fruit nuts,original fauji cereal muesli 250gm box pack original fauji cereals muesli fruit nuts flakes breakfast cereal break fast faujicereals cerels cerel foji fouji,46,16.8,4.94,113,fauji,groceries,https://cdn.dummyjson.com/product-images/24/thumbnail.jpg,"['https://cdn.dummyjson.com/product-images/24/1.jpg', 'https://cdn.dummyjson.com/product-images/24/2.jpg', 'https://cdn.dummyjson.com/product-images/24/3.jpg', 'https://cdn.dummyjson.com/product-images/24/4.jpg', 'https://cdn.dummyjson.com/product-images/24/thumbnail.jpg']",2024-01-27T08:36:52.487785,eyJpZCI6IDI0LCAidGl0bGUiOiAiY2VyZWFscyBtdWVzbGkgZnJ1aXQgbnV0cyIsICJkZXNjcmlwdGlvbiI6ICJvcmlnaW5hbCBmYXVqaSBjZXJlYWwgbXVlc2xpIDI1MGdtIGJveCBwYWNrIG9yaWdpbmFsIGZhdWppIGNlcmVhbHMgbXVlc2xpIGZydWl0IG51dHMgZmxha2VzIGJyZWFrZmFzdCBjZXJlYWwgYnJlYWsgZmFzdCBmYXVqaWNlcmVhbHMgY2VyZWxzIGNlcmVsIGZvamkgZm91amkiLCAicHJpY2UiOiA0NiwgImRpc2NvdW50UGVyY2VudGFnZSI6IDE2LjgsICJyYXRpbmciOiA0Ljk0LCAic3RvY2siOiAxMTMsICJicmFuZCI6ICJmYXVqaSIsICJjYXRlZ29yeSI6ICJncm9jZXJpZXMiLCAidGh1bWJuYWlsIjogImh0dHBzOi8vY2RuLmR1bW15anNvbi5jb20vcHJvZHVjdC1pbWFnZXMvMjQvdGh1bWJuYWlsLmpwZyIsICJpbWFnZXMiOiBbImh0dHBzOi8vY2RuLmR1bW15anNvbi5jb20vcHJvZHVjdC1pbWFnZXMvMjQvMS5qcGciLCAiaHR0cHM6Ly9jZG4uZHVtbXlqc29uLmNvbS9wcm9kdWN0LWltYWdlcy8yNC8yLmpwZyIsICJodHRwczovL2Nkbi5kdW1teWpzb24uY29tL3Byb2R1Y3QtaW1hZ2VzLzI0LzMuanBnIiwgImh0dHBzOi8vY2RuLmR1bW15anNvbi5jb20vcHJvZHVjdC1pbWFnZXMvMjQvNC5qcGciLCAiaHR0cHM6Ly9jZG4uZHVtbXlqc29uLmNvbS9wcm9kdWN0LWltYWdlcy8yNC90aHVtYm5haWwuanBnIl0sICJteV9kYXRlIjogIjIwMjQtMDEtMjdUMDg6MzY6NTIuNDg3Nzg1In0=,https%3A%2F%2Fcdn.dummyjson.com%2Fproduct-images%2F24%2Fthumbnail.jpg,ffe8d2d2-3ae6-48d7-8b2f-7fde72b65411,0ccb90c0ad0e26921067fc495b949e46,mh4zxYzK,JkOy7uBt
25,Gulab Powder 50 Gram,Dry Rose Flower Powder Gulab Powder 50 Gram • Treats Wounds,70,13.58,4.87,47,Dry Rose,groceries,https://cdn.dummyjson.com/product-images/25/thumbnail.jpg,"['https://cdn.dummyjson.com/product-images/25/1.png', 'https://cdn.dummyjson.com/product-images/25/2.jpg', 'https://cdn.dummyjson.com/product-images/25/3.png', 'https://cdn.dummyjson.com/product-images/25/4.jpg', 'https://cdn.dummyjson.com/product-images/25/thumbnail.jpg']",2024-01-27T08:36:52.488768,eyJpZCI6IDI1LCAidGl0bGUiOiAiR3VsYWIgUG93ZGVyIDUwIEdyYW0iLCAiZGVzY3JpcHRpb24iOiAiRHJ5IFJvc2UgRmxvd2VyIFBvd2RlciBHdWxhYiBQb3dkZXIgNTAgR3JhbSBcdTIwMjIgVHJlYXRzIFdvdW5kcyIsICJwcmljZSI6IDcwLCAiZGlzY291bnRQZXJjZW50YWdlIjogMTMuNTgsICJyYXRpbmciOiA0Ljg3LCAic3RvY2siOiA0NywgImJyYW5kIjogIkRyeSBSb3NlIiwgImNhdGVnb3J5IjogImdyb2NlcmllcyIsICJ0aHVtYm5haWwiOiAiaHR0cHM6Ly9jZG4uZHVtbXlqc29uLmNvbS9wcm9kdWN0LWltYWdlcy8yNS90aHVtYm5haWwuanBnIiwgImltYWdlcyI6IFsiaHR0cHM6Ly9jZG4uZHVtbXlqc29uLmNvbS9wcm9kdWN0LWltYWdlcy8yNS8xLnBuZyIsICJodHRwczovL2Nkbi5kdW1teWpzb24uY29tL3Byb2R1Y3QtaW1hZ2VzLzI1LzIuanBnIiwgImh0dHBzOi8vY2RuLmR1bW15anNvbi5jb20vcHJvZHVjdC1pbWFnZXMvMjUvMy5wbmciLCAiaHR0cHM6Ly9jZG4uZHVtbXlqc29uLmNvbS9wcm9kdWN0LWltYWdlcy8yNS80LmpwZyIsICJodHRwczovL2Nkbi5kdW1teWpzb24uY29tL3Byb2R1Y3QtaW1hZ2VzLzI1L3RodW1ibmFpbC5qcGciXSwgIm15X2RhdGUiOiAiMjAyNC0wMS0yN1QwODozNjo1Mi40ODg3NjgifQ==,https%3A%2F%2Fcdn.dummyjson.com%2Fproduct-images%2F25%2Fthumbnail.jpg,fb80aa87-d8c2-4d36-8804-0a76d310b9ff,f61c6331102790e6640c20e3d1a4579f,oq92rHZt,HxDtPQ83
26,Plant Hanger For Home,Boho Decor Plant Hanger For Home Wall Decoration Macrame Wall Hanging Shelf,41,17.86,4.08,131,Boho Decor,home-decoration,https://cdn.dummyjson.com/product-images/26/thumbnail.jpg,"['https://cdn.dummyjson.com/product-images/26/1.jpg', 'https://cdn.dummyjson.com/product-images/26/2.jpg', 'https://cdn.dummyjson.com/product-images/26/3.jpg', 'https://cdn.dummyjson.com/product-images/26/4.jpg', 'https://cdn.dummyjson.com/product-images/26/5.jpg', 'https://cdn.dummyjson.com/product-images/26/thumbnail.jpg']",2024-01-27T08:36:52.488768,eyJpZCI6IDI2LCAidGl0bGUiOiAiUGxhbnQgSGFuZ2VyIEZvciBIb21lIiwgImRlc2NyaXB0aW9uIjogIkJvaG8gRGVjb3IgUGxhbnQgSGFuZ2VyIEZvciBIb21lIFdhbGwgRGVjb3JhdGlvbiBNYWNyYW1lIFdhbGwgSGFuZ2luZyBTaGVsZiIsICJwcmljZSI6IDQxLCAiZGlzY291bnRQZXJjZW50YWdlIjogMTcuODYsICJyYXRpbmciOiA0LjA4LCAic3RvY2siOiAxMzEsICJicmFuZCI6ICJCb2hvIERlY29yIiwgImNhdGVnb3J5IjogImhvbWUtZGVjb3JhdGlvbiIsICJ0aHVtYm5haWwiOiAiaHR0cHM6Ly9jZG4uZHVtbXlqc29uLmNvbS9wcm9kdWN0LWltYWdlcy8yNi90aHVtYm5haWwuanBnIiwgImltYWdlcyI6IFsiaHR0cHM6Ly9jZG4uZHVtbXlqc29uLmNvbS9wcm9kdWN0LWltYWdlcy8yNi8xLmpwZyIsICJodHRwczovL2Nkbi5kdW1teWpzb24uY29tL3Byb2R1Y3QtaW1hZ2VzLzI2LzIuanBnIiwgImh0dHBzOi8vY2RuLmR1bW15anNvbi5jb20vcHJvZHVjdC1pbWFnZXMvMjYvMy5qcGciLCAiaHR0cHM6Ly9jZG4uZHVtbXlqc29uLmNvbS9wcm9kdWN0LWltYWdlcy8yNi80LmpwZyIsICJodHRwczovL2Nkbi5kdW1teWpzb24uY29tL3Byb2R1Y3QtaW1hZ2VzLzI2LzUuanBnIiwgImh0dHBzOi8vY2RuLmR1bW15anNvbi5jb20vcHJvZHVjdC1pbWFnZXMvMjYvdGh1bWJuYWlsLmpwZyJdLCAibXlfZGF0ZSI6ICIyMDI0LTAxLTI3VDA4OjM2OjUyLjQ4ODc2OCJ9,https%3A%2F%2Fcdn.dummyjson.com%2Fproduct-images%2F26%2Fthumbnail.jpg,3aef49a5-a984-4985-9af4-566c0c147587,38b81b78c853ff6724f92dd615a1ba61,oz2quP7i,cFbALyM8
27,Flying Wooden Bird,"Package Include 6 Birds with Adhesive Tape Shape: 3D Shaped Wooden Birds Material: Wooden MDF, Laminated 3.5mm",51,15.58,4.41,17,Flying Wooden,home-decoration,https://cdn.dummyjson.com/product-images/27/thumbnail.webp,"['https://cdn.dummyjson.com/product-images/27/1.jpg', 'https://cdn.dummyjson.com/product-images/27/2.jpg', 'https://cdn.dummyjson.com/product-images/27/3.jpg', 'https://cdn.dummyjson.com/product-images/27/4.jpg', 'https://cdn.dummyjson.com/product-images/27/thumbnail.webp']",2024-01-27T08:36:52.488768,eyJpZCI6IDI3LCAidGl0bGUiOiAiRmx5aW5nIFdvb2RlbiBCaXJkIiwgImRlc2NyaXB0aW9uIjogIlBhY2thZ2UgSW5jbHVkZSA2IEJpcmRzIHdpdGggQWRoZXNpdmUgVGFwZSBTaGFwZTogM0QgU2hhcGVkIFdvb2RlbiBCaXJkcyBNYXRlcmlhbDogV29vZGVuIE1ERiwgTGFtaW5hdGVkIDMuNW1tIiwgInByaWNlIjogNTEsICJkaXNjb3VudFBlcmNlbnRhZ2UiOiAxNS41OCwgInJhdGluZyI6IDQuNDEsICJzdG9jayI6IDE3LCAiYnJhbmQiOiAiRmx5aW5nIFdvb2RlbiIsICJjYXRlZ29yeSI6ICJob21lLWRlY29yYXRpb24iLCAidGh1bWJuYWlsIjogImh0dHBzOi8vY2RuLmR1bW15anNvbi5jb20vcHJvZHVjdC1pbWFnZXMvMjcvdGh1bWJuYWlsLndlYnAiLCAiaW1hZ2VzIjogWyJodHRwczovL2Nkbi5kdW1teWpzb24uY29tL3Byb2R1Y3QtaW1hZ2VzLzI3LzEuanBnIiwgImh0dHBzOi8vY2RuLmR1bW15anNvbi5jb20vcHJvZHVjdC1pbWFnZXMvMjcvMi5qcGciLCAiaHR0cHM6Ly9jZG4uZHVtbXlqc29uLmNvbS9wcm9kdWN0LWltYWdlcy8yNy8zLmpwZyIsICJodHRwczovL2Nkbi5kdW1teWpzb24uY29tL3Byb2R1Y3QtaW1hZ2VzLzI3LzQuanBnIiwgImh0dHBzOi8vY2RuLmR1bW15anNvbi5jb20vcHJvZHVjdC1pbWFnZXMvMjcvdGh1bWJuYWlsLndlYnAiXSwgIm15X2RhdGUiOiAiMjAyNC0wMS0yN1QwODozNjo1Mi40ODg3NjgifQ==,https%3A%2F%2Fcdn.dummyjson.com%2Fproduct-images%2F27%2Fthumbnail.webp,fb23f469-a0ab-4913-b169-3044d1d964f8,2e85041c3506e1e7c827b8fb540163e5,fqRtuHvD,SMKPMmNx
28,3D Embellishment Art Lamp,3D led lamp sticker Wall sticker 3d wall art light on/off button  cell operated (included),20,16.49,4.82,54,LED Lights,home-decoration,https://cdn.dummyjson.com/product-images/28/thumbnail.jpg,"['https://cdn.dummyjson.com/product-images/28/1.jpg', 'https://cdn.dummyjson.com/product-images/28/2.jpg', 'https://cdn.dummyjson.com/product-images/28/3.png', 'https://cdn.dummyjson.com/product-images/28/4.jpg', 'https://cdn.dummyjson.com/product-images/28/thumbnail.jpg']",2024-01-27T08:36:52.488768,eyJpZCI6IDI4LCAidGl0bGUiOiAiM0QgRW1iZWxsaXNobWVudCBBcnQgTGFtcCIsICJkZXNjcmlwdGlvbiI6ICIzRCBsZWQgbGFtcCBzdGlja2VyIFdhbGwgc3RpY2tlciAzZCB3YWxsIGFydCBsaWdodCBvbi9vZmYgYnV0dG9uICBjZWxsIG9wZXJhdGVkIChpbmNsdWRlZCkiLCAicHJpY2UiOiAyMCwgImRpc2NvdW50UGVyY2VudGFnZSI6IDE2LjQ5LCAicmF0aW5nIjogNC44MiwgInN0b2NrIjogNTQsICJicmFuZCI6ICJMRUQgTGlnaHRzIiwgImNhdGVnb3J5IjogImhvbWUtZGVjb3JhdGlvbiIsICJ0aHVtYm5haWwiOiAiaHR0cHM6Ly9jZG4uZHVtbXlqc29uLmNvbS9wcm9kdWN0LWltYWdlcy8yOC90aHVtYm5haWwuanBnIiwgImltYWdlcyI6IFsiaHR0cHM6Ly9jZG4uZHVtbXlqc29uLmNvbS9wcm9kdWN0LWltYWdlcy8yOC8xLmpwZyIsICJodHRwczovL2Nkbi5kdW1teWpzb24uY29tL3Byb2R1Y3QtaW1hZ2VzLzI4LzIuanBnIiwgImh0dHBzOi8vY2RuLmR1bW15anNvbi5jb20vcHJvZHVjdC1pbWFnZXMvMjgvMy5wbmciLCAiaHR0cHM6Ly9jZG4uZHVtbXlqc29uLmNvbS9wcm9kdWN0LWltYWdlcy8yOC80LmpwZyIsICJodHRwczovL2Nkbi5kdW1teWpzb24uY29tL3Byb2R1Y3QtaW1hZ2VzLzI4L3RodW1ibmFpbC5qcGciXSwgIm15X2RhdGUiOiAiMjAyNC0wMS0yN1QwODozNjo1Mi40ODg3NjgifQ==,https%3A%2F%2Fcdn.dummyjson.com%2Fproduct-images%2F28%2Fthumbnail.jpg,ddfecda6-5a1d-4914-9fa0-d63c263727a3,ab1e46ccc4bea55afced60a0b6a54e69,syvtvJFv,lgFPPTp6
29,Handcraft Chinese style,Handcraft Chinese style art luxury palace hotel villa mansion home decor ceramic vase with brass fruit plate,60,15.34,4.44,7,luxury palace,home-decoration,https://cdn.dummyjson.com/product-images/29/thumbnail.webp,"['https://cdn.dummyjson.com/product-images/29/1.jpg', 'https://cdn.dummyjson.com/product-images/29/2.jpg', 'https://cdn.dummyjson.com/product-images/29/3.webp', 'https://cdn.dummyjson.com/product-images/29/4.webp', 'https://cdn.dummyjson.com/product-images/29/thumbnail.webp']",2024-01-27T08:36:52.488768,eyJpZCI6IDI5LCAidGl0bGUiOiAiSGFuZGNyYWZ0IENoaW5lc2Ugc3R5bGUiLCAiZGVzY3JpcHRpb24iOiAiSGFuZGNyYWZ0IENoaW5lc2Ugc3R5bGUgYXJ0IGx1eHVyeSBwYWxhY2UgaG90ZWwgdmlsbGEgbWFuc2lvbiBob21lIGRlY29yIGNlcmFtaWMgdmFzZSB3aXRoIGJyYXNzIGZydWl0IHBsYXRlIiwgInByaWNlIjogNjAsICJkaXNjb3VudFBlcmNlbnRhZ2UiOiAxNS4zNCwgInJhdGluZyI6IDQuNDQsICJzdG9jayI6IDcsICJicmFuZCI6ICJsdXh1cnkgcGFsYWNlIiwgImNhdGVnb3J5IjogImhvbWUtZGVjb3JhdGlvbiIsICJ0aHVtYm5haWwiOiAiaHR0cHM6Ly9jZG4uZHVtbXlqc29uLmNvbS9wcm9kdWN0LWltYWdlcy8yOS90aHVtYm5haWwud2VicCIsICJpbWFnZXMiOiBbImh0dHBzOi8vY2RuLmR1bW15anNvbi5jb20vcHJvZHVjdC1pbWFnZXMvMjkvMS5qcGciLCAiaHR0cHM6Ly9jZG4uZHVtbXlqc29uLmNvbS9wcm9kdWN0LWltYWdlcy8yOS8yLmpwZyIsICJodHRwczovL2Nkbi5kdW1teWpzb24uY29tL3Byb2R1Y3QtaW1hZ2VzLzI5LzMud2VicCIsICJodHRwczovL2Nkbi5kdW1teWpzb24uY29tL3Byb2R1Y3QtaW1hZ2VzLzI5LzQud2VicCIsICJodHRwczovL2Nkbi5kdW1teWpzb24uY29tL3Byb2R1Y3QtaW1hZ2VzLzI5L3RodW1ibmFpbC53ZWJwIl0sICJteV9kYXRlIjogIjIwMjQtMDEtMjdUMDg6MzY6NTIuNDg4NzY4In0=,https%3A%2F%2Fcdn.dummyjson.com%2Fproduct-images%2F29%2Fthumbnail.webp,7c734d7b-9db4-4a54-bc5c-1aa6425ed94f,02bd496ae5606c403ae5da115eb7d53c,jHYIOBHV,HB1asIsW
30,Key Holder,Attractive DesignMetallic materialFour key hooksReliable & DurablePremium Quality,30,2.92,4.92,54,Golden,home-decoration,https://cdn.dummyjson.com/product-images/30/thumbnail.jpg,"['https://cdn.dummyjson.com/product-images/30/1.jpg', 'https://cdn.dummyjson.com/product-images/30/2.jpg', 'https://cdn.dummyjson.com/product-images/30/3.jpg', 'https://cdn.dummyjson.com/product-images/30/thumbnail.jpg']",2024-01-27T08:36:52.488768,eyJpZCI6IDMwLCAidGl0bGUiOiAiS2V5IEhvbGRlciIsICJkZXNjcmlwdGlvbiI6ICJBdHRyYWN0aXZlIERlc2lnbk1ldGFsbGljIG1hdGVyaWFsRm91ciBrZXkgaG9va3NSZWxpYWJsZSAmIER1cmFibGVQcmVtaXVtIFF1YWxpdHkiLCAicHJpY2UiOiAzMCwgImRpc2NvdW50UGVyY2VudGFnZSI6IDIuOTIsICJyYXRpbmciOiA0LjkyLCAic3RvY2siOiA1NCwgImJyYW5kIjogIkdvbGRlbiIsICJjYXRlZ29yeSI6ICJob21lLWRlY29yYXRpb24iLCAidGh1bWJuYWlsIjogImh0dHBzOi8vY2RuLmR1bW15anNvbi5jb20vcHJvZHVjdC1pbWFnZXMvMzAvdGh1bWJuYWlsLmpwZyIsICJpbWFnZXMiOiBbImh0dHBzOi8vY2RuLmR1bW15anNvbi5jb20vcHJvZHVjdC1pbWFnZXMvMzAvMS5qcGciLCAiaHR0cHM6Ly9jZG4uZHVtbXlqc29uLmNvbS9wcm9kdWN0LWltYWdlcy8zMC8yLmpwZyIsICJodHRwczovL2Nkbi5kdW1teWpzb24uY29tL3Byb2R1Y3QtaW1hZ2VzLzMwLzMuanBnIiwgImh0dHBzOi8vY2RuLmR1bW15anNvbi5jb20vcHJvZHVjdC1pbWFnZXMvMzAvdGh1bWJuYWlsLmpwZyJdLCAibXlfZGF0ZSI6ICIyMDI0LTAxLTI3VDA4OjM2OjUyLjQ4ODc2OCJ9,https%3A%2F%2Fcdn.dummyjson.com%2Fproduct-images%2F30%2Fthumbnail.jpg,62470a43-e70a-42be-b830-79a7f0b1613a,ea9b23415a66a630275f44ba81c394fc,qIpod5ht,PET6m5eN
